year,month,predicted_sales
2024,1,6149.095868248725
2024,2,6028.906487206928
2024,3,5908.717106165015
2024,4,5788.527725123102
2024,5,5668.338344081305
2024,6,5548.148963039392
2024,7,5427.959581997478
2024,8,5307.7702009556815
2024,9,5187.580819913768
2024,10,5067.391438871855
2024,11,4947.202057830058
2024,12,4827.012676788145
